PM2.5,PM10,NO2,SO2,CO,Proximity_to_Industrial_Areas,Population_Density,Air Quality,Date/Time
5.2,17.9,18.9,9.2,1.72,6.3,319,Moderate,01-01-2012 00:00
2.3,12.2,30.8,9.7,1.64,6,611,Moderate,01-01-2012 01:00
26.7,33.8,24.4,12.6,1.63,5.2,619,Moderate,01-01-2012 02:00
6.1,6.3,13.5,5.3,1.15,11.1,551,Good,01-01-2012 03:00
6.9,16,21.9,5.6,1.01,12.7,303,Good,01-01-2012 04:00
14.6,35.5,42.9,17.9,1.82,3.1,674,Hazardous,01-01-2012 05:00
1.7,15.8,31.1,12.7,1.8,4.6,735,Poor,01-01-2012 06:00
5,16.8,24.2,13.6,1.38,6.3,443,Moderate,01-01-2012 07:00
10.3,22.7,45.1,11.8,2.03,5.4,486,Poor,01-01-2012 08:00
11.1,24.4,32,15.3,1.69,4.9,535,Poor,01-01-2012 09:00
1.3,5.5,18.3,5.9,0.85,13,529,Good,01-01-2012 10:00
1.6,10.5,21.6,19.3,1.53,5.9,519,Moderate,01-01-2012 11:00
3.7,12.9,26.1,6.6,1.09,10.2,538,Good,01-01-2012 12:00
28.9,34,23.2,4.5,1.02,11,508,Good,01-01-2012 13:00
4.5,12,17.2,6.3,1.18,10.4,232,Good,01-01-2012 14:00
22.4,29.9,27.5,11.8,1.48,7.9,444,Moderate,01-01-2012 15:00
4.5,10.4,18.4,3.7,0.96,14.4,359,Good,01-01-2012 16:00
28.1,56.6,46.7,13.7,1.85,4.1,560,Poor,01-01-2012 17:00
9,15.7,28.5,7.1,1.52,6.1,437,Moderate,01-01-2012 18:00
0.6,24.6,37.1,11.7,1.13,7.7,803,Poor,01-01-2012 19:00
3.5,14.4,30.7,9.4,0.97,8,338,Moderate,01-01-2012 20:00
3.8,10.9,9.1,1.7,1.04,14.4,520,Good,01-01-2012 21:00
0.4,-0.2,25.3,4.5,0.98,10,536,Good,01-01-2012 22:00
8.3,15.4,23.3,4.6,1.03,11.2,461,Good,01-01-2012 23:00
0.5,2,22.9,2.3,0.94,17.9,581,Good,01-02-2012 00:00
16.4,21.3,17.6,4.8,0.93,11.5,324,Good,01-02-2012 01:00
2,3.9,15.3,5.2,1.09,10.1,297,Good,01-02-2012 02:00
10.1,16.6,32.2,6.3,1.85,3.5,637,Poor,01-02-2012 03:00
3.4,9.3,20.6,2.9,1.03,10.2,452,Good,01-02-2012 04:00
67.5,91.2,31.6,34.6,2.31,2.9,785,Hazardous,01-02-2012 05:00
34.6,57.3,28.1,22.6,1.78,3.5,562,Hazardous,01-02-2012 06:00
24,29,26.6,5.3,0.96,10.9,575,Good,01-02-2012 07:00
20.5,33.2,34.4,11.7,1.85,5.1,440,Poor,01-02-2012 08:00
84.4,94.4,26.7,19.8,1.55,10,744,Poor,01-02-2012 09:00
7.1,16.8,14.5,6,0.91,10.8,455,Good,01-02-2012 10:00
83.3,93.5,25.3,6.8,1.71,7.4,594,Moderate,01-02-2012 11:00
30.2,34.1,15.3,3,0.98,11.1,472,Good,01-02-2012 12:00
18.5,25,24.9,6.1,1.32,13.2,480,Good,01-02-2012 13:00
2.3,8.4,23.5,3.7,0.96,10.2,547,Good,01-02-2012 14:00
55.1,72.7,40.5,30.7,2.12,4.9,612,Hazardous,01-02-2012 15:00
3.1,2.2,39.5,29.2,2.61,2.5,898,Hazardous,01-02-2012 16:00
48.3,67.1,31.4,23.3,1.75,4.3,779,Poor,01-02-2012 17:00
68.9,85.2,43.7,13,1.7,8.5,570,Poor,01-02-2012 18:00
17.3,37,27.2,14.9,1.48,5.5,453,Poor,01-02-2012 19:00
8.7,13.2,29.7,15.8,1.4,8.1,604,Moderate,01-02-2012 20:00
2.6,6.9,21,3.5,0.92,11.6,475,Good,01-02-2012 21:00
3.1,8.1,19.7,5.8,1.18,12.9,273,Good,01-02-2012 22:00
1.1,5.2,21.3,6.1,0.89,10.9,524,Good,01-02-2012 23:00
2.2,8.4,19.6,3,0.92,10.2,339,Good,01-03-2012 00:00
70.7,84.8,22.4,8.2,1.59,13.2,587,Moderate,01-03-2012 01:00
12.1,35.3,41.4,30.4,2.67,2.8,861,Hazardous,01-03-2012 02:00
2.8,10.1,13.7,4.1,0.82,10.6,236,Good,01-03-2012 03:00
4.1,19.3,28,14.5,1.45,6.3,509,Moderate,01-03-2012 04:00
144,169.8,42.5,16.1,2.3,7.3,443,Hazardous,01-03-2012 05:00
23.4,56.5,34.2,27.2,1.95,3.7,600,Hazardous,01-03-2012 06:00
4.2,19,23.7,6,1.57,6,625,Poor,01-03-2012 07:00
21.4,26.9,30.1,17.4,1.29,7.6,663,Moderate,01-03-2012 08:00
31.5,44.4,27,-2.8,1.49,5.7,538,Moderate,01-03-2012 09:00
19.5,27.9,25.6,2,1.54,8.1,458,Moderate,01-03-2012 10:00
17.8,29.9,37.5,9.9,1.74,5.4,588,Poor,01-03-2012 11:00
16,19.7,11.2,2.5,1.17,10.2,432,Good,01-03-2012 12:00
75.2,90,30.8,5,1.81,4.8,765,Poor,01-03-2012 13:00
95.7,110.4,36.1,20.5,2.3,6.8,673,Poor,01-03-2012 14:00
14.6,20.6,20.9,1.6,0.94,10.7,587,Good,01-03-2012 15:00
12.8,15.9,22,3.8,1.16,11,377,Good,01-03-2012 16:00
3.3,8.8,16.2,8.4,0.83,10.8,217,Good,01-03-2012 17:00
1.4,23.3,23,25.8,2.06,6.8,730,Poor,01-03-2012 18:00
44,54,44.3,22.7,3.09,5.2,641,Hazardous,01-03-2012 19:00
36,40.3,26.4,5.4,1.15,10.8,264,Good,01-03-2012 20:00
43.3,45.5,28.8,9.5,1.42,7.8,598,Moderate,01-03-2012 21:00
9.3,10.8,15.8,4.6,0.92,10.1,490,Good,01-03-2012 22:00
15.7,25,27.7,10.6,1.44,9.5,482,Moderate,01-03-2012 23:00
7.9,30.3,35.3,27.6,2.07,4.9,724,Hazardous,01-04-2012 00:00
6.8,9.3,13.4,4.9,0.98,10,358,Good,01-04-2012 01:00
4.6,9.2,20.5,5.7,1.03,10.2,545,Good,01-04-2012 02:00
5.2,19.2,22.5,9,1.48,7.3,623,Moderate,01-04-2012 03:00
25.8,35.6,31.2,19,1.48,5.3,411,Moderate,01-04-2012 04:00
10.6,15.4,13.9,8.9,1,10.5,265,Good,01-04-2012 05:00
54,76.8,31.6,16.4,2.15,6.6,513,Poor,01-04-2012 06:00
6.1,13.9,17.2,4.3,1.18,16.4,390,Good,01-04-2012 07:00
12.4,21.2,27.7,3.7,0.99,10.6,467,Good,01-04-2012 08:00
2.9,6.4,11.1,6.6,0.96,11.8,533,Good,01-04-2012 09:00
28.6,42.6,39.9,4,2.2,6.8,639,Poor,01-04-2012 10:00
34.3,52.8,42.7,9.4,1.87,2.5,721,Hazardous,01-04-2012 11:00
13.8,21.4,25.7,3.8,0.95,11,194,Good,01-04-2012 12:00
17,21.7,19.7,11.3,0.99,11.1,214,Good,01-04-2012 13:00
32.2,41.3,32.1,9.4,1.95,4.4,543,Poor,01-04-2012 14:00
11,15.8,20,5.6,1.09,11.2,409,Good,01-04-2012 15:00
23.1,29.5,15.1,3.7,0.92,10.4,399,Good,01-04-2012 16:00
11.4,30.2,36.5,20.3,1.89,6.8,680,Poor,01-04-2012 17:00
1.1,5,24.8,2.1,1.12,12.4,593,Good,01-04-2012 18:00
19.3,26,26.1,5.5,0.82,10.7,214,Good,01-04-2012 19:00
2.3,6.7,23.4,2.8,1.09,14.7,338,Good,01-04-2012 20:00
6.6,28.3,25.7,23.5,2.1,4.1,643,Poor,01-04-2012 21:00
12.2,15,26.6,3.6,0.97,12.9,266,Good,01-04-2012 22:00
8.8,18.7,29.8,14.7,2.03,5.7,600,Poor,01-04-2012 23:00
8.1,16.3,22,15.9,1.63,5.1,527,Moderate,01-05-2012 00:00
7.2,15.9,38.9,12.1,1.46,7.3,452,Moderate,01-05-2012 01:00
15.5,19.9,18.6,7.7,1.04,10.3,503,Good,01-05-2012 02:00
1.5,23.4,43.8,20,1.89,6,681,Poor,01-05-2012 03:00
1.9,5,12.1,4.5,1.12,11,576,Good,01-05-2012 04:00
25.9,28.5,21.5,3.1,1.45,5.5,562,Moderate,01-05-2012 05:00
20.7,23,20.4,6.2,1.05,12.5,318,Good,01-05-2012 06:00
5.4,10.4,13.5,1.1,1.09,12.5,224,Good,01-05-2012 07:00
24.5,47.4,39.9,26.7,2.36,4,878,Hazardous,01-05-2012 08:00
6.2,13,24.3,5,1.01,10.7,205,Good,01-05-2012 09:00
81.9,87,40.4,18.4,2.14,2.9,631,Hazardous,01-05-2012 10:00
101.6,109.9,19.3,9.2,1.32,5,334,Moderate,01-05-2012 11:00
0,8.3,23.5,7.4,0.92,19.7,450,Good,01-05-2012 12:00
19,20.7,20.1,5.3,1.03,10.7,316,Good,01-05-2012 13:00
48.4,53,21,10.4,1.53,6.6,628,Moderate,01-05-2012 14:00
3.4,15.4,24.5,6.4,1.38,4.8,748,Poor,01-05-2012 15:00
4.6,8.9,15.1,6.8,0.93,10.2,378,Good,01-05-2012 16:00
20.3,30.7,31.5,12.5,1.76,7.3,512,Moderate,01-05-2012 17:00
240.1,261.5,40.3,37.6,2.46,3.1,879,Hazardous,01-05-2012 18:00
14.3,16.9,21.8,7.8,1.07,10.4,413,Good,01-05-2012 19:00
0.4,6.4,21.2,1.7,0.94,10.1,226,Good,01-05-2012 20:00
14.4,33.1,31,16.7,2,5.3,622,Poor,01-05-2012 21:00
73.6,89.8,35.1,13.3,2.84,4.1,620,Hazardous,01-05-2012 22:00
0.2,6.2,15,5.5,0.95,14.2,543,Good,01-05-2012 23:00
50,59.6,26.3,9.4,1.68,6.3,541,Moderate,01-06-2012 00:00
3.9,8,21.7,5.9,0.98,12.8,454,Good,01-06-2012 01:00
8.4,11.3,24.5,6.1,1.6,8.2,382,Moderate,01-06-2012 02:00
27.9,44.4,26.3,23.1,1.68,7.7,586,Poor,01-06-2012 03:00
33.2,40.1,29,9.5,1.52,6.5,410,Moderate,01-06-2012 04:00
1.9,5,36.1,7.6,1.75,7.5,481,Moderate,01-06-2012 05:00
7.3,22.4,27.9,6,1.29,6,690,Moderate,01-06-2012 06:00
0.7,4.7,23.7,7.3,0.93,11.4,291,Good,01-06-2012 07:00
18.9,30.4,22.6,12.8,1.55,5.1,341,Moderate,01-06-2012 08:00
2.3,6.9,25.3,4,0.88,12.5,590,Good,01-06-2012 09:00
2,11.5,23.6,13,1.46,7.1,638,Moderate,01-06-2012 10:00
1.1,20.5,28.2,9.8,1.53,5.5,449,Moderate,01-06-2012 11:00
1.2,5.6,30.1,5.9,1.32,5.9,310,Moderate,01-06-2012 12:00
7.8,16.3,21.8,8.1,1.07,10,435,Good,01-06-2012 13:00
9.3,19,31.3,11.2,1.74,6.8,714,Moderate,01-06-2012 14:00
20.9,37.3,21.3,11.1,1.56,5.7,442,Moderate,01-06-2012 15:00
11.7,31.7,41.7,12.4,2.03,3,927,Hazardous,01-06-2012 16:00
3.7,7.3,13.4,0.9,1.12,12.6,246,Good,01-06-2012 17:00
13.3,25.3,22.9,14.1,1.3,6.3,598,Moderate,01-06-2012 18:00
35.3,43.9,20.4,14.4,1.38,5.6,599,Moderate,01-06-2012 19:00
20.3,25.9,26.6,4.9,1.11,10.8,334,Good,01-06-2012 20:00
1.6,12.8,28.1,5.7,1.36,12.5,406,Moderate,01-06-2012 21:00
1.3,6.5,23.8,4.8,0.89,13.8,384,Good,01-06-2012 22:00
4.3,17.5,21.8,12.8,1.47,5.1,437,Moderate,01-06-2012 23:00
11,21.1,23.2,9.6,1.27,6.6,333,Moderate,01-07-2012 00:00
1.1,7.2,11.7,8.6,1.08,10.9,239,Good,01-07-2012 01:00
104.9,127.4,44.6,21.7,2.71,8.2,648,Hazardous,01-07-2012 02:00
29.3,46,45.1,20.7,2.03,3.2,821,Hazardous,01-07-2012 03:00
25.5,32.3,13.3,5.7,1.08,10.9,358,Good,01-07-2012 04:00
3.6,8.2,23.2,9.1,0.97,10.4,370,Good,01-07-2012 05:00
17.9,30.1,44.3,4,1.91,2.6,525,Hazardous,01-07-2012 06:00
139.4,159.9,33.1,22.8,2.28,5.6,576,Poor,01-07-2012 07:00
8.6,21.6,26.6,8.1,1.53,5,647,Moderate,01-07-2012 08:00
5.7,20.8,26.5,13.4,1.87,7.2,437,Moderate,01-07-2012 09:00
33.6,43.8,35.6,19.6,2.45,3.1,754,Hazardous,01-07-2012 10:00
7.5,15.2,24.1,8.6,1.49,6,417,Moderate,01-07-2012 11:00
30,47.3,26.5,8.1,1.41,6,613,Moderate,01-07-2012 12:00
23.1,28.1,16.2,9,0.95,10,437,Good,01-07-2012 13:00
8.6,19.7,31.1,10.3,1.61,8.1,562,Moderate,01-07-2012 14:00
10.5,24.1,26.8,16.5,2.13,5.1,686,Poor,01-07-2012 15:00
10.5,18,24.7,7,0.89,10.8,517,Good,01-07-2012 16:00
21.1,25.3,30.6,6.5,1.63,5.9,609,Moderate,01-07-2012 17:00
64.2,76.2,43.9,17.4,2.61,3.5,679,Poor,01-07-2012 18:00
58.1,74.1,14.2,9.7,1.41,5.5,489,Moderate,01-07-2012 19:00
43.6,55.1,27.9,11.3,1.65,6.9,664,Moderate,01-07-2012 20:00
68.4,85.3,37.5,16.9,2.34,9,695,Poor,01-07-2012 21:00
14.8,19.2,29.3,-0.4,1.48,8,451,Moderate,01-07-2012 22:00
5.5,10.5,15.4,4.1,1,12.7,549,Good,01-07-2012 23:00
22.1,27.2,35.5,8.1,1.54,8.5,713,Moderate,01-08-2012 00:00
4.7,22.7,35.9,14.7,2.97,5.2,631,Poor,01-08-2012 01:00
27.4,31.3,23.8,7.7,0.96,10.8,340,Good,01-08-2012 02:00
3.4,15.9,36,14.2,1.47,7.3,399,Moderate,01-08-2012 03:00
3.5,5.2,18.7,7.9,0.9,10.7,458,Good,01-08-2012 04:00
1.4,7.5,21.8,4.4,0.87,10.8,233,Good,01-08-2012 05:00
28.2,42.9,42.6,9.8,1.71,4.5,818,Poor,01-08-2012 06:00
21.4,29.3,23.4,9.6,1.17,5.7,612,Moderate,01-08-2012 07:00
2.4,17.5,50.9,31.5,3.04,5.1,937,Hazardous,01-08-2012 08:00
7.7,14.3,38.1,17.5,1.75,5.4,549,Poor,01-08-2012 09:00
28.4,50.6,34.5,42.3,2.28,3.2,685,Hazardous,01-08-2012 10:00
17.8,26.2,11,2.9,1.19,10.4,500,Good,01-08-2012 11:00
117,138.7,40.6,33.9,2.22,6.4,574,Hazardous,01-08-2012 12:00
5.3,10.8,34.8,15.9,1.16,6.4,728,Moderate,01-08-2012 13:00
39.4,54.8,39.5,6.8,2,4.2,493,Poor,01-08-2012 14:00
3.6,8.3,17.4,7,0.99,10.1,238,Good,01-08-2012 15:00
48.9,53.6,28.7,5.1,1.65,5.6,364,Moderate,01-08-2012 16:00
4.5,9.5,22.4,4.7,0.98,12.5,391,Good,01-08-2012 17:00
33.4,52.8,28.7,18.2,1.97,7.6,488,Poor,01-08-2012 18:00
17.2,34.6,27.9,6.5,1.44,5.4,405,Moderate,01-08-2012 19:00
10.7,17,12.9,5.1,1.07,10,572,Good,01-08-2012 20:00
3,15.1,22.8,21.8,1.76,5.1,405,Moderate,01-08-2012 21:00
6.5,23.6,41.6,16.5,1.46,6.4,806,Poor,01-08-2012 22:00
79.5,93.5,30,12.8,1.99,10.4,561,Poor,01-08-2012 23:00
17.6,47.1,41.1,26.4,2.45,6.8,623,Hazardous,01-09-2012 00:00
44.9,53.9,29.1,12.1,1.29,6.7,544,Moderate,01-09-2012 01:00
20.2,30.3,30.2,10.6,1.24,6.3,714,Moderate,01-09-2012 02:00
45.9,52.7,27.2,10.8,1.21,7.5,513,Moderate,01-09-2012 03:00
8.3,14.3,15,5.4,1,11.2,368,Good,01-09-2012 04:00
19.6,32.3,29.3,7.9,1.46,11.8,629,Moderate,01-09-2012 05:00
42.2,72,30.9,23.4,1.98,3.5,619,Hazardous,01-09-2012 06:00
17.4,30.2,19.1,10.5,1.68,5.6,490,Moderate,01-09-2012 07:00
16.4,20.2,24,9.9,0.85,11.5,506,Good,01-09-2012 08:00
22.3,31.7,22.4,11.6,1.81,8.3,585,Moderate,01-09-2012 09:00
12.1,17.6,14.2,6.2,1.04,11.1,600,Good,01-09-2012 10:00
10.9,15.2,14,4.4,1.12,10.5,354,Good,01-09-2012 11:00
8.2,27.2,24.9,13.9,2.69,3.8,808,Poor,01-09-2012 12:00
1.5,10.3,23.6,-0.4,0.93,11.5,386,Good,01-09-2012 13:00
3.1,10.6,11.1,4.9,0.88,12,500,Good,01-09-2012 14:00
24.9,36,25.8,6.3,1.69,6.4,516,Moderate,01-09-2012 15:00
6,11.3,25.8,0.7,0.9,10.7,231,Good,01-09-2012 16:00
24,28.5,22,8.8,1.64,5.3,518,Moderate,01-09-2012 17:00
27.7,28.8,34.3,12.3,1.55,6.2,631,Moderate,01-09-2012 18:00
5.3,10.5,18.4,5,0.99,10.4,547,Good,01-09-2012 19:00
35.4,58.2,41.2,7.9,2.06,5.1,662,Poor,01-09-2012 20:00
63,85.1,52.6,20.1,2.6,6.5,778,Hazardous,01-09-2012 21:00
80.5,96.9,35,1.7,2,4.4,630,Poor,01-09-2012 22:00
12.2,22.1,31.3,15.5,1.7,5,389,Moderate,01-09-2012 23:00
3.6,8.8,19.1,6.6,1.05,17.8,379,Good,01-10-2012 00:00
6,25.9,45.5,17.8,1.58,4,470,Poor,01-10-2012 01:00
10.7,19.8,24.9,12.4,2,6.4,472,Moderate,01-10-2012 02:00
70.8,87.3,32.9,17,2.33,4.8,557,Hazardous,01-10-2012 03:00
79.2,86,31.4,7.6,1.46,5.9,615,Moderate,01-10-2012 04:00
0,4.5,25.1,4.3,1.07,11,536,Good,01-10-2012 05:00
1.1,3.6,21.2,5.1,0.96,11.4,470,Good,01-10-2012 06:00
19.1,22.2,24,7,1.07,10.6,371,Good,01-10-2012 07:00
6.4,14.2,38.8,11,2.24,9,644,Poor,01-10-2012 08:00
12.1,18.5,17.5,5.1,2.03,9.3,502,Moderate,01-10-2012 09:00
11.1,17.7,15.1,7.6,1.06,16.4,334,Good,01-10-2012 10:00
9,21.6,39.1,7.5,1.79,5.2,450,Moderate,01-10-2012 11:00
11.7,16.7,24.4,2.3,1.05,10.1,430,Good,01-10-2012 12:00
10.7,19,38.1,9.6,2.55,4.8,429,Poor,01-10-2012 13:00
10.2,12.8,11.4,4.5,1.13,10.9,362,Good,01-10-2012 14:00
124.1,135.5,32,10,2.02,5,566,Poor,01-10-2012 15:00
103,106.4,26.5,22.3,2.38,3.7,844,Hazardous,01-10-2012 16:00
1.1,19.5,29.7,4,1.78,6.3,402,Moderate,01-10-2012 17:00
8.4,10.9,17.2,7.2,0.96,14.8,497,Good,01-10-2012 18:00
3.8,13.6,28.1,20.3,1.54,5.2,701,Moderate,01-10-2012 19:00
85.9,101.9,45,25.8,1.82,7.4,804,Poor,01-10-2012 20:00
7.4,10.6,23.7,5.2,1.14,13.4,292,Good,01-10-2012 21:00
3.9,18.1,30.7,15.5,1.62,3.7,457,Poor,01-10-2012 22:00
7,26.4,30.4,20.2,2.19,4.2,770,Poor,01-10-2012 23:00
4,14.1,22.2,3.2,1.05,11.9,225,Good,01-11-2012 00:00
33.9,44,35.9,9.1,1.41,6.2,488,Moderate,01-11-2012 01:00
6.5,13.2,21.8,5.1,0.88,11.1,412,Good,01-11-2012 02:00
28.2,40.3,37,11.3,1.56,6.9,559,Moderate,01-11-2012 03:00
3.2,9.9,18.6,5.2,0.93,13.6,438,Good,01-11-2012 04:00
11.8,30.9,26.1,23.5,2.16,5.4,730,Poor,01-11-2012 05:00
5.4,31,50.3,15.6,2.81,6.4,503,Hazardous,01-11-2012 06:00
2.3,18.4,30.9,15.1,1.54,5,355,Moderate,01-11-2012 07:00
6.2,12.7,23.6,5.9,1.04,11.1,389,Good,01-11-2012 08:00
22.5,52,38.2,9,2.65,8.4,611,Hazardous,01-11-2012 09:00
8.9,16.1,33.3,8.5,1.19,6,447,Moderate,01-11-2012 10:00
0.1,8.8,31.2,5.7,1.41,5.6,351,Moderate,01-11-2012 11:00
16.6,22.4,21.3,7,1.02,12.2,210,Good,01-11-2012 12:00
7.2,9.1,20.8,4.7,1.07,10.2,379,Good,01-11-2012 13:00
1.9,6.4,20.6,4.3,1.19,11.3,493,Good,01-11-2012 14:00
1.9,3.6,13.5,6.2,1.07,11.4,492,Good,01-11-2012 15:00
0.3,7.1,17.3,3.2,1.01,11.4,212,Good,01-11-2012 16:00
2.3,18.1,29.4,10.1,1.45,6,633,Moderate,01-11-2012 17:00
17.9,46,42.9,21.1,2.36,2.8,517,Hazardous,01-11-2012 18:00
2.9,13.9,22.2,14.5,1.59,7.7,661,Moderate,01-11-2012 19:00
9.3,25,21.2,9.7,1.59,7.5,404,Moderate,01-11-2012 20:00
1.2,6.9,11.5,5.5,1.18,15.7,451,Good,01-11-2012 21:00
1.8,8.5,18.6,8.3,0.94,13.1,207,Good,01-11-2012 22:00
21.7,41.3,28.1,2.7,1.66,5.9,745,Poor,01-11-2012 23:00
24.3,49.8,28.2,11.5,2.03,8.5,818,Poor,01-12-2012 00:00
18.4,23.1,21.5,2.6,1.03,12.1,253,Good,01-12-2012 01:00
47.1,65.4,35.8,17.1,2.03,5.2,661,Poor,01-12-2012 02:00
22.3,34.2,43.7,17.4,2.07,3.1,900,Hazardous,01-12-2012 03:00
20.6,24.8,24.1,12.4,1.46,6.7,576,Moderate,01-12-2012 04:00
72.7,96.6,34.3,14.9,2.54,5.7,797,Hazardous,01-12-2012 05:00
0.6,6,22.4,3.5,0.74,11.6,583,Good,01-12-2012 06:00
8.9,19.6,41.7,9.9,2.14,5.1,473,Poor,01-12-2012 07:00
4.7,9.3,21.2,5.2,1.15,16,541,Good,01-12-2012 08:00
6,15.4,29.2,6,1.42,8.7,564,Moderate,01-12-2012 09:00
0.2,4.7,24.6,10.2,1.49,5.3,696,Moderate,01-12-2012 10:00
0.3,8.1,15.9,6.3,1.02,15.6,381,Good,01-12-2012 11:00
3.7,9.5,17.2,8.9,1.61,5.7,504,Moderate,01-12-2012 12:00
22.8,26,26.5,4.1,0.91,12.2,406,Good,01-12-2012 13:00
34.1,42.9,23.9,9.4,1.63,9.1,629,Moderate,01-12-2012 14:00
8.6,16.5,22.4,6.2,0.99,16.7,514,Good,01-12-2012 15:00
18.6,23.5,17.1,5.5,1.01,12.1,443,Good,01-12-2012 16:00
7.4,30,28.5,16.3,1.8,7.2,711,Poor,01-12-2012 17:00
48.9,62.9,30.1,11.5,2.74,3.7,617,Hazardous,01-12-2012 18:00
26.4,34.1,29.2,17.2,1.33,6.5,619,Moderate,01-12-2012 19:00
21.5,34,25.6,7.6,1.21,6.1,401,Moderate,01-12-2012 20:00
0.7,15.8,16.9,8.6,1.65,5.2,662,Moderate,01-12-2012 21:00
5.1,9.8,19.3,2.7,0.9,10.9,271,Good,01-12-2012 22:00
57.6,80.4,38.9,28.6,2.15,3.4,463,Poor,01-12-2012 23:00
3.8,14.9,20.3,5.2,1.38,6.3,629,Moderate,1/13/2012 0:00
82.1,103.4,45.4,29.3,2.26,7.4,747,Poor,1/13/2012 1:00
34.4,44,33.6,12.7,1.34,6.4,372,Moderate,1/13/2012 2:00
69.5,78.1,29.1,16.2,2.28,7.2,420,Poor,1/13/2012 3:00
19.1,50.4,49.3,7.4,2.15,3.3,879,Hazardous,1/13/2012 4:00
2,8.2,27.9,3.4,1.05,17,330,Good,1/13/2012 5:00
60.3,81.9,32.2,16,2.28,2.7,526,Hazardous,1/13/2012 6:00
1.2,10,26.5,3.4,0.91,12.1,377,Good,1/13/2012 7:00
18.9,21.1,25.5,5,0.96,11.3,416,Good,1/13/2012 8:00
17.3,25.3,30.5,6,1.55,8,482,Moderate,1/13/2012 9:00
117.8,127.8,39.4,28.4,2.75,9.2,774,Hazardous,1/13/2012 10:00
0.3,6.4,23.4,7.3,1.05,10.5,432,Good,1/13/2012 11:00
5.9,13,14.2,6.7,0.96,10.5,547,Good,1/13/2012 12:00
1.9,10.4,22.7,2.1,0.89,10.8,300,Good,1/13/2012 13:00
15.8,19.6,17.4,5.6,0.99,11.4,516,Good,1/13/2012 14:00
21.9,27.3,21.9,4.3,1.02,11.1,336,Good,1/13/2012 15:00
60.1,76.5,21.4,9.2,1.44,5.7,512,Moderate,1/13/2012 16:00
7.8,15.2,34.1,9.8,1.63,5.4,392,Moderate,1/13/2012 17:00
8.4,13,16.5,5,1.01,10.1,226,Good,1/13/2012 18:00
13.6,19.1,21.6,4.6,1.07,10.5,231,Good,1/13/2012 19:00
17.1,20.3,20.5,6.7,0.9,10.5,355,Good,1/13/2012 20:00
21.1,27.8,21.1,4.5,1.03,10,384,Good,1/13/2012 21:00
8.4,15,24.2,2.6,1.01,11.5,275,Good,1/13/2012 22:00
1.5,6.5,25.5,2.5,1.07,10.5,303,Good,1/13/2012 23:00
13.6,22.2,35.2,7.3,1.31,9.1,534,Moderate,1/14/2012 0:00
3.6,21.7,62.1,13.5,2.35,2.7,678,Hazardous,1/14/2012 1:00
7.3,14.8,30.4,7.2,1.73,8.4,606,Moderate,1/14/2012 2:00
1.4,3.5,22.5,4.8,0.89,10.3,407,Good,1/14/2012 3:00
5.2,8.6,30.6,14,1.47,10.5,485,Moderate,1/14/2012 4:00
0.7,7.9,10.2,6.3,0.95,11.6,489,Good,1/14/2012 5:00
1.8,6.7,14.6,4.8,0.78,16,260,Good,1/14/2012 6:00
16,16.6,15.2,6.8,1.04,10.5,439,Good,1/14/2012 7:00
90,99.8,29.1,10.7,1.94,5.2,573,Poor,1/14/2012 8:00
37.4,46.7,42.9,21.3,2.16,2.8,679,Hazardous,1/14/2012 9:00
54.5,65.5,20.2,7.9,1.42,9,418,Moderate,1/14/2012 10:00
16.3,25.3,23,7.7,1.71,5.5,344,Moderate,1/14/2012 11:00
6.2,30.2,36.5,17.8,2.31,2.9,465,Hazardous,1/14/2012 12:00
48.5,66.5,29,15.2,2.4,6,569,Poor,1/14/2012 13:00
24.8,35.9,28.1,13.4,1.53,7.4,440,Moderate,1/14/2012 14:00
9.9,20.1,24.3,11.1,1.19,6.2,453,Moderate,1/14/2012 15:00
0.2,7.1,24.7,6.1,1.1,13.2,370,Good,1/14/2012 16:00
3,23.6,28.6,14.2,2.07,10.1,548,Poor,1/14/2012 17:00
64.5,78.8,26.5,10.3,1.87,12.2,579,Poor,1/14/2012 18:00
1.8,7.3,25.2,3.4,1.16,11.7,501,Good,1/14/2012 19:00
4,11.5,14.3,9.7,0.95,13.6,466,Good,1/14/2012 20:00
24.7,27.3,27.5,7.7,1.01,10.5,315,Good,1/14/2012 21:00
63.2,69.5,44.7,23.5,2.35,3.5,771,Hazardous,1/14/2012 22:00
22.2,32.8,36.9,1.1,1.55,5,437,Moderate,1/14/2012 23:00
3.9,10.3,24.2,5.5,1.09,10.3,580,Good,1/15/2012 0:00
9.4,20,25.3,14.9,1.55,6.7,626,Moderate,1/15/2012 1:00
60.3,68.4,35.5,14,2.17,3.4,580,Poor,1/15/2012 2:00
22.6,46.2,37.5,23,2.01,3.7,509,Poor,1/15/2012 3:00
33.3,51.4,48,12.8,2.54,3.6,709,Hazardous,1/15/2012 4:00
5.9,9,19.3,0.7,0.91,10.6,219,Good,1/15/2012 5:00
4.2,10.2,20.8,3.2,0.92,11.6,487,Good,1/15/2012 6:00
7.4,11.4,10.6,7.4,0.95,10.8,316,Good,1/15/2012 7:00
19.9,25.3,22.8,3.9,0.78,13.8,385,Good,1/15/2012 8:00
31.7,53.6,50.5,35.4,2.5,3.8,822,Hazardous,1/15/2012 9:00
8.2,14.2,21.1,0.4,0.99,10.2,262,Good,1/15/2012 10:00
7.8,13.9,11.7,2.7,0.99,12.3,307,Good,1/15/2012 11:00
17.5,38.7,46.5,32.9,2.49,4.8,588,Hazardous,1/15/2012 12:00
1,3.2,23.6,2.8,0.91,13.4,276,Good,1/15/2012 13:00
19.7,40.7,38.1,26.6,2.67,11.5,875,Hazardous,1/15/2012 14:00
9.5,12.5,18.8,-0.2,0.83,10.6,341,Good,1/15/2012 15:00
3.5,18.7,29.6,8.2,1.38,6.5,522,Moderate,1/15/2012 16:00
17,34.1,33.3,11.4,1.86,3.1,684,Hazardous,1/15/2012 17:00
1.7,16,32.7,13.3,1.91,7.2,637,Moderate,1/15/2012 18:00
4.1,7.9,22.7,8,1.03,10.1,499,Good,1/15/2012 19:00
0.1,3.9,18.9,5.3,1.1,10.6,198,Good,1/15/2012 20:00
1.3,5.7,16.4,5.9,0.97,15.6,205,Good,1/15/2012 21:00
2.9,6.9,13,8.2,1.14,11.3,360,Good,1/15/2012 22:00
16.8,25.9,19.4,3.9,0.97,14.8,544,Good,1/15/2012 23:00
4.6,11.2,20.1,6.4,1.03,11.3,282,Good,1/16/2012 0:00
1.1,19.8,26.7,10.7,1.28,9.3,376,Moderate,1/16/2012 1:00
18,29.5,27.9,8.5,2.12,4.1,685,Poor,1/16/2012 2:00
19.2,26.8,26.5,6.7,0.82,13.7,354,Good,1/16/2012 3:00
11,16.4,25.7,5.5,1.11,10.1,332,Good,1/16/2012 4:00
3.9,8.4,12.8,4.8,1.08,10.5,447,Good,1/16/2012 5:00
62.2,74.7,33,19.2,2.44,3.6,801,Poor,1/16/2012 6:00
4.7,16.1,21,6.3,1.24,5.7,613,Moderate,1/16/2012 7:00
2.4,9.2,24.6,7.6,1.13,11.1,249,Good,1/16/2012 8:00
3,5.5,24.7,0.7,1.08,10.7,368,Good,1/16/2012 9:00
8.5,27.1,21.9,13,1.61,5.5,343,Moderate,1/16/2012 10:00
30.2,52,41.5,23.3,2.53,3.3,677,Hazardous,1/16/2012 11:00
9.7,11.1,23.5,15.7,1.87,7.1,576,Moderate,1/16/2012 12:00
18.1,26.5,29.1,13.4,2.24,3.9,649,Poor,1/16/2012 13:00
7.3,12.3,28.1,10,1.68,5.4,555,Moderate,1/16/2012 14:00
169.2,194.7,48.7,4.6,2.36,6.5,737,Poor,1/16/2012 15:00
13.2,22.2,22.8,6.5,1.69,5.4,422,Moderate,1/16/2012 16:00
18.3,31.9,27.6,11.6,1.54,5.9,516,Moderate,1/16/2012 17:00
0.2,4.3,24.5,6.4,1.19,14.6,412,Good,1/16/2012 18:00
32.8,43.8,29.9,9,1.03,7.6,482,Moderate,1/16/2012 19:00
46.5,61.9,22.9,5.2,1.71,10.8,523,Moderate,1/16/2012 20:00
31.6,44.8,30.5,19,2.66,4.5,554,Poor,1/16/2012 21:00
1.9,13.1,20.8,9,1.43,5,309,Moderate,1/16/2012 22:00
21.8,37.7,22.3,5.6,1.45,6.4,465,Moderate,1/16/2012 23:00
26,33.8,27.3,22,2.01,4.4,631,Poor,1/17/2012 0:00
33.4,41.3,20.6,8.3,1.46,10.6,295,Moderate,1/17/2012 1:00
5.5,9.5,28.7,15.3,1.41,5.9,393,Moderate,1/17/2012 2:00
28.3,42.4,44.2,6.6,2.11,3.8,726,Poor,1/17/2012 3:00
8.9,16.9,17.6,0.8,1.05,10.4,291,Good,1/17/2012 4:00
83.5,97.7,42.5,5.3,2.18,11.6,712,Poor,1/17/2012 5:00
1.5,5.8,10.9,3.8,1.04,15.7,293,Good,1/17/2012 6:00
11.4,18.9,54.1,32.5,2.71,3.9,560,Hazardous,1/17/2012 7:00
20.4,35.1,39.2,10.9,2.11,10.5,562,Poor,1/17/2012 8:00
6.9,30.1,37.9,8.3,1.8,3.8,713,Poor,1/17/2012 9:00
8.5,14.5,12.9,3.7,0.94,13.2,354,Good,1/17/2012 10:00
3.3,7.8,17.1,6.7,1.05,13.4,581,Good,1/17/2012 11:00
13.8,19.1,14.5,9.5,1,12.2,437,Good,1/17/2012 12:00
9.8,18.7,29.8,19.9,1.62,4.6,705,Poor,1/17/2012 13:00
36.4,52.2,36.8,21.1,1.76,9,643,Poor,1/17/2012 14:00
26.3,39.6,29.3,14.9,1.51,9,439,Moderate,1/17/2012 15:00
9.9,14.9,23.8,7.4,1.04,10.5,441,Good,1/17/2012 16:00
8.3,22.4,36.1,22.3,2.06,3.8,497,Poor,1/17/2012 17:00
21.4,31.3,18.7,7.4,1.48,6.9,638,Moderate,1/17/2012 18:00
33.1,36.6,12.1,8.4,1.03,11.1,241,Good,1/17/2012 19:00
193.1,212.6,39,18.2,2.32,10.2,758,Hazardous,1/17/2012 20:00
19.6,24.8,41.2,17.6,1.85,3.8,656,Poor,1/17/2012 21:00
30.9,40.8,23.7,9.1,1.63,6.4,572,Moderate,1/17/2012 22:00
9.7,14.7,20.3,5.2,1.07,11.4,375,Good,1/17/2012 23:00
14.8,19.8,24.5,4.3,0.87,12,381,Good,1/18/2012 0:00
12.7,22.1,22,8.7,1.18,5.8,363,Moderate,1/18/2012 1:00
3.6,15,33.4,25.2,1.6,4,643,Poor,1/18/2012 2:00
2,14.5,30.5,9.1,1.29,5.4,565,Moderate,1/18/2012 3:00
2.8,7.9,26.9,14.5,1.77,6.2,421,Moderate,1/18/2012 4:00
64.6,88.8,43.9,4.1,2.35,4.9,804,Poor,1/18/2012 5:00
17.3,37.3,32.9,17.5,1.9,4,445,Poor,1/18/2012 6:00
11.6,28.8,24.8,9.9,1.5,7.8,350,Moderate,1/18/2012 7:00
2.6,9.9,22.2,4.6,1.09,13.7,297,Good,1/18/2012 8:00
17.9,20.6,33.1,7,1.84,5.6,606,Moderate,1/18/2012 9:00
0.4,6.7,23.2,4.4,0.87,15.2,520,Good,1/18/2012 10:00
10,17.4,22.7,7.2,1.16,10.4,384,Good,1/18/2012 11:00
33.8,43.1,28.7,12.2,1.63,6.3,561,Moderate,1/18/2012 12:00
3.1,4.2,11.1,4.1,0.97,14.5,447,Good,1/18/2012 13:00
0.8,7.1,15.7,4.7,0.87,13.1,456,Good,1/18/2012 14:00
5.9,8.1,20.4,5.4,1.06,11.1,564,Good,1/18/2012 15:00
10.9,15.2,25.4,6.7,1.02,16.2,301,Good,1/18/2012 16:00
2.8,8.1,24.4,6.4,1.09,11.9,357,Good,1/18/2012 17:00
23.5,44.1,43.7,15.4,2.49,3,787,Hazardous,1/18/2012 18:00
12.2,26.6,37.7,24.1,2.25,4.1,640,Poor,1/18/2012 19:00
20.8,40.4,32,25.8,2.5,5,775,Hazardous,1/18/2012 20:00
13.1,24,23.1,4.1,1.32,11.1,522,Moderate,1/18/2012 21:00
5.6,10.7,26,12.7,1.54,5.7,298,Moderate,1/18/2012 22:00
76.1,78.8,38.6,11.1,1.74,4.7,506,Poor,1/18/2012 23:00
0.8,6.6,13.5,5,1.11,12.1,603,Good,1/19/2012 0:00
6.8,15,36.9,15,1.55,3.7,712,Poor,1/19/2012 1:00
4.1,9.1,21,5.8,0.92,13.8,204,Good,1/19/2012 2:00
43.9,53.1,16.5,7.1,1.13,10.8,520,Good,1/19/2012 3:00
7.6,19.2,22.9,10.4,1.28,5.4,560,Moderate,1/19/2012 4:00
3.8,10.4,12.3,3.1,0.98,14.5,459,Good,1/19/2012 5:00
1.3,9.1,16.4,4.6,0.94,11.5,359,Good,1/19/2012 6:00
27.5,33,23.8,8.2,1.32,7.3,554,Moderate,1/19/2012 7:00
42.6,52.4,23.2,9.6,1.63,7.9,463,Moderate,1/19/2012 8:00
9.8,31.8,34.3,24.1,2.12,6.9,681,Poor,1/19/2012 9:00
0.7,7.2,11.5,3.2,0.82,12.2,298,Good,1/19/2012 10:00
10.6,15.2,26.4,6.8,1,10,350,Good,1/19/2012 11:00
1.8,8.4,10.5,5.6,0.99,12.5,560,Good,1/19/2012 12:00
2.9,8.9,10.8,4.4,0.96,12.4,480,Good,1/19/2012 13:00
51.7,59.3,29.5,8,1.61,5.3,479,Moderate,1/19/2012 14:00
1.7,7.4,24.4,6.4,0.97,10.4,574,Good,1/19/2012 15:00
5.8,10.7,17.3,5.7,0.83,10.9,257,Good,1/19/2012 16:00
13.8,18.9,23.5,2.8,0.9,12.9,302,Good,1/19/2012 17:00
38,50.8,22.5,7.1,1.41,5.4,311,Moderate,1/19/2012 18:00
35.6,39.3,16.7,5,0.92,10.6,360,Good,1/19/2012 19:00
0.7,15.7,27.7,17.9,1.82,5.9,577,Poor,1/19/2012 20:00
16.8,20.2,16,1.6,0.8,14.4,189,Good,1/19/2012 21:00
1.5,4.9,21.1,2,1.14,10.5,337,Good,1/19/2012 22:00
44.7,59.3,29.8,12.5,1.46,5.7,687,Moderate,1/19/2012 23:00
92.7,98,25.4,-0.5,0.92,11.6,485,Good,1/20/2012 0:00
32,34.7,28.9,3.8,1.21,10.6,239,Good,1/20/2012 1:00
2.3,17,31.4,21.5,2.13,4.8,788,Poor,1/20/2012 2:00
5,9.7,17.4,2.2,0.97,13.7,366,Good,1/20/2012 3:00
22.2,30.6,22.9,8.2,1.46,6.4,581,Moderate,1/20/2012 4:00
18.7,34.3,32.8,19.2,2.79,4.1,670,Hazardous,1/20/2012 5:00
78.8,87.1,27.7,13.1,1.36,9,679,Moderate,1/20/2012 6:00
56.6,62.7,23.7,15.6,1.4,5.8,480,Moderate,1/20/2012 7:00
0,5.1,13.8,5.2,0.91,11.8,399,Good,1/20/2012 8:00
8.8,6.7,44.8,28.1,2.34,2.8,645,Hazardous,1/20/2012 9:00
17.6,23.2,24.6,11.1,1.27,7.8,638,Moderate,1/20/2012 10:00
28.6,47.1,32.4,25,1.41,4.9,611,Poor,1/20/2012 11:00
45.6,51.1,14.3,6.4,1.1,10.3,371,Good,1/20/2012 12:00
3.7,10.5,27.1,6.6,1.29,5.6,488,Moderate,1/20/2012 13:00
12.7,17.5,24.9,7.8,1.02,11.5,536,Good,1/20/2012 14:00
12.1,19.7,22.3,7.5,1.75,5.1,514,Moderate,1/20/2012 15:00
2.1,8.6,12.3,-0.3,1.09,14.1,269,Good,1/20/2012 16:00
7.3,11.5,24.4,4,1.14,11.3,277,Good,1/20/2012 17:00
52.5,73.9,38.4,27.2,2.16,4.2,707,Poor,1/20/2012 18:00
9.6,24.8,32.8,14.1,1.45,5.2,607,Moderate,1/20/2012 19:00
0,4.7,28.2,5.7,0.89,10.9,442,Good,1/20/2012 20:00
19.2,37.7,31.6,36.8,2.72,3.4,532,Hazardous,1/20/2012 21:00
51.8,64.9,35.3,8.9,2.29,6.4,685,Poor,1/20/2012 22:00
6.5,10.9,20.7,7.6,0.92,13,210,Good,1/20/2012 23:00
1.7,6,13,6.9,0.92,10.9,233,Good,1/21/2012 0:00
13.7,20,20.2,5.9,0.77,11.3,347,Good,1/21/2012 1:00
20.7,31.3,25.3,8.6,1.22,7.5,430,Moderate,1/21/2012 2:00
57.9,74,19.4,17.1,1.93,3.7,498,Poor,1/21/2012 3:00
15.2,19.5,13.8,6.2,0.91,11.5,239,Good,1/21/2012 4:00
32.7,40.7,21.2,4.6,1.57,6.8,458,Moderate,1/21/2012 5:00
3,12.2,18.1,12.3,1.36,10.4,314,Moderate,1/21/2012 6:00
2.6,8.1,29.5,16.8,1.37,5.3,584,Moderate,1/21/2012 7:00
40.1,68,32.1,13.8,2.25,4.8,413,Poor,1/21/2012 8:00
7.3,25.2,52.7,14.7,2.52,2.6,594,Hazardous,1/21/2012 9:00
11,13.6,27.9,4.3,1.2,12.1,474,Good,1/21/2012 10:00
11.5,26.7,18,10.9,1.83,6.5,332,Moderate,1/21/2012 11:00
4.1,7.5,27.6,3.8,1.58,3.6,629,Poor,1/21/2012 12:00
9.9,14.5,22.3,4.9,0.9,13.2,329,Good,1/21/2012 13:00
14.1,28.8,31.1,21.1,1.42,12.1,506,Moderate,1/21/2012 14:00
24.5,28.6,17.8,5.5,0.91,10.9,289,Good,1/21/2012 15:00
21.9,29.7,11.1,12.7,0.97,10.6,572,Good,1/21/2012 16:00
30.8,38.8,30.9,17.5,1.85,4.9,448,Poor,1/21/2012 17:00
32.2,47.1,31.7,16.5,1.71,3.9,507,Poor,1/21/2012 18:00
24.9,43.4,36.3,8.1,1.99,5.7,419,Poor,1/21/2012 19:00
35.6,56.7,28.9,6.9,1.2,5.4,535,Moderate,1/21/2012 20:00
69.1,91.7,32.7,16.5,1.85,4.3,513,Poor,1/21/2012 21:00
1.2,5.7,25.5,5.5,0.95,11.3,576,Good,1/21/2012 22:00
11.9,15.3,20.6,8.3,1.46,6.8,503,Moderate,1/21/2012 23:00
7.7,23.8,37.2,16.1,1.76,5.1,691,Poor,1/22/2012 0:00
31.9,44.3,28.7,16.6,1.54,7.5,622,Moderate,1/22/2012 1:00
1.5,9.5,17.1,4.8,0.83,10.7,376,Good,1/22/2012 2:00
36.2,39.9,20.5,5.7,0.94,14,565,Good,1/22/2012 3:00
47.7,67.7,31.6,-4.1,2.54,4.9,570,Poor,1/22/2012 4:00
47.7,61.2,49.3,24.2,2.36,5.2,662,Hazardous,1/22/2012 5:00
30.4,41.3,28.9,10.9,1.34,5.6,565,Moderate,1/22/2012 6:00
3.5,9,27.6,5.7,0.98,10.1,542,Good,1/22/2012 7:00
6,17.3,28.9,10.5,1.79,5.1,643,Poor,1/22/2012 8:00
41.4,53.1,38.4,21.8,2.44,4.7,837,Hazardous,1/22/2012 9:00
16.3,22,18.4,2.7,0.9,10.3,387,Good,1/22/2012 10:00
24.5,34.6,18.7,9.8,1.58,7.5,529,Moderate,1/22/2012 11:00
0.6,5.4,24.1,4.2,0.87,10.6,381,Good,1/22/2012 12:00
13.7,28.6,37,14.9,1.76,4.7,807,Poor,1/22/2012 13:00
12.7,26.2,27.1,14.3,1.92,5.8,509,Moderate,1/22/2012 14:00
13.5,38.4,33.2,11,1.65,3.9,749,Poor,1/22/2012 15:00
6.3,11.6,26.2,7.1,0.92,15.2,289,Good,1/22/2012 16:00
2.7,9.2,18.4,3.8,1.09,10.2,296,Good,1/22/2012 17:00
11,19.1,35.1,8.3,2.1,4.2,513,Poor,1/22/2012 18:00
13.2,31.2,25.9,9.7,1.23,6,539,Moderate,1/22/2012 19:00
16.1,20.2,26,6,0.99,10.6,562,Good,1/22/2012 20:00
186.7,209.8,36.8,13.4,2.57,5.8,879,Hazardous,1/22/2012 21:00
34.4,39.6,28.8,11,1.54,7.2,296,Moderate,1/22/2012 22:00
16,36.1,51.6,23.9,2.3,7.3,476,Hazardous,1/22/2012 23:00
2.1,9.9,26.7,15,1.51,8.8,407,Moderate,1/23/2012 0:00
56.5,70,22.8,25.6,2.41,6.8,524,Hazardous,1/23/2012 1:00
13.8,19.2,12.5,5.7,1.05,11.2,230,Good,1/23/2012 2:00
6.6,15.4,22.5,10.9,0.92,10.4,437,Good,1/23/2012 3:00
2,8.7,22.9,5,1.07,12.3,561,Good,1/23/2012 4:00
8.7,16.8,25,22.1,1.4,5.9,798,Poor,1/23/2012 5:00
19.2,23.3,14.8,0.6,1.07,13,501,Good,1/23/2012 6:00
35,45.9,32,9.3,1.59,5.5,531,Moderate,1/23/2012 7:00
1,3.5,17,2.6,1.02,10.6,573,Good,1/23/2012 8:00
18.7,32.7,31.1,19.6,1.73,6.8,415,Moderate,1/23/2012 9:00
21.4,45,28.7,11.7,1.96,6,482,Poor,1/23/2012 10:00
55.3,80.7,45.1,6.7,1.83,9.2,792,Poor,1/23/2012 11:00
37.3,42.7,21.4,3.2,1.03,10,335,Good,1/23/2012 12:00
20.3,33.5,27.5,15.6,1.74,5.3,531,Moderate,1/23/2012 13:00
36.3,47.9,21,9.9,1.67,10.3,549,Moderate,1/23/2012 14:00
13.2,31.4,27.2,14.7,1.61,6.1,331,Moderate,1/23/2012 15:00
32.1,41.6,16.2,17.7,1.49,6,612,Moderate,1/23/2012 16:00
7.5,31.7,54.9,18.4,2.99,5.2,561,Hazardous,1/23/2012 17:00
37.7,44.2,18.2,4.6,0.89,13.7,197,Good,1/23/2012 18:00
9.8,10.1,19.2,4.9,1.01,10.8,407,Good,1/23/2012 19:00
19.8,29.7,22.1,14.6,1.27,16.3,495,Moderate,1/23/2012 20:00
1,29,56.8,25.8,3.02,5.7,571,Hazardous,1/23/2012 21:00
16.5,31.2,30.4,19.8,1.73,4,411,Poor,1/23/2012 22:00
5.7,18.9,31.5,11.7,1.24,5.4,645,Moderate,1/23/2012 23:00
20,35.6,37.4,6.9,1.62,4.1,655,Poor,1/24/2012 0:00
0.6,12.5,25,6.1,2,6.5,544,Moderate,1/24/2012 1:00
1.7,11.2,35.3,15.5,1.72,16.6,438,Poor,1/24/2012 2:00
10.8,17,13.3,1.1,0.87,10.7,401,Good,1/24/2012 3:00
6.9,14.1,29.1,17,1.87,5.4,694,Poor,1/24/2012 4:00
5,25.3,29.8,19.7,1.41,3.9,494,Poor,1/24/2012 5:00
9.7,15.8,13.4,7.7,0.81,12.8,282,Good,1/24/2012 6:00
10.8,26.9,26.7,10.8,1.26,5.5,674,Moderate,1/24/2012 7:00
108.8,132.1,23.3,21.9,2.28,8.1,616,Poor,1/24/2012 8:00
37.4,49.4,21.7,10,1.82,5.1,540,Moderate,1/24/2012 9:00
19.6,32.6,31.8,3.6,2.53,3.3,662,Poor,1/24/2012 10:00
4.1,12.3,27.6,8.4,1.03,10.9,276,Good,1/24/2012 11:00
40.1,55.1,29.8,2.7,2.18,4.1,446,Poor,1/24/2012 12:00
0.8,5.8,18,-0.6,0.92,13.2,363,Good,1/24/2012 13:00
11.6,33,37.6,20.2,1.56,7.7,642,Poor,1/24/2012 14:00
14.5,18.2,12.9,2.5,1.13,11.1,560,Good,1/24/2012 15:00
35.1,41.7,13.8,0.6,1.17,10.1,428,Good,1/24/2012 16:00
16.8,30,27.7,8.9,1.74,12.2,564,Moderate,1/24/2012 17:00
5.6,11.8,21.2,4.5,0.9,10.5,385,Good,1/24/2012 18:00
153.9,176.5,37.4,18.5,3.4,5.3,821,Hazardous,1/24/2012 19:00
74.5,92.2,38.8,19.9,2.27,3,623,Hazardous,1/24/2012 20:00
1,18.5,26.1,7.5,1.55,8.9,438,Moderate,1/24/2012 21:00
5.2,14.8,27.3,8.4,1.7,8.8,551,Moderate,1/24/2012 22:00
2.8,19.1,29.1,17.8,1.47,6,534,Moderate,1/24/2012 23:00
12.4,16.9,10,6,1.24,10.3,470,Good,1/25/2012 0:00
6.8,14.3,19.4,9.4,0.98,11.5,536,Good,1/25/2012 1:00
7,11.9,31,11.7,1.28,7.6,663,Moderate,1/25/2012 2:00
2.9,12.3,20.8,6.1,1.12,5.2,642,Moderate,1/25/2012 3:00
17.4,21.7,24.2,3.4,0.74,12.6,580,Good,1/25/2012 4:00
15.9,23.5,29.6,11.2,1.44,6,394,Moderate,1/25/2012 5:00
26.4,34.1,22.8,4.9,0.86,13.6,238,Good,1/25/2012 6:00
2.2,9,10.9,5.1,0.94,14.6,228,Good,1/25/2012 7:00
16.9,29,34.7,8.9,1.22,9,316,Moderate,1/25/2012 8:00
28.1,52.2,48.8,22.7,2.19,5.6,538,Poor,1/25/2012 9:00
2.8,12.1,34.9,14.3,1.69,5.4,464,Moderate,1/25/2012 10:00
3.5,10.5,21.9,3.9,1.23,10.4,299,Good,1/25/2012 11:00
13.3,31.4,28.7,28.5,2.04,3.4,678,Poor,1/25/2012 12:00
12.2,16.1,24.1,4.8,0.92,10.3,244,Good,1/25/2012 13:00
17.7,33.8,34.3,21.7,2.42,4,712,Poor,1/25/2012 14:00
10.1,15.5,26.7,5.7,0.85,11.2,199,Good,1/25/2012 15:00
3.9,19.5,23.6,10.1,1.39,13.5,648,Moderate,1/25/2012 16:00
8.4,19.9,24.7,9.8,1.35,6.7,438,Moderate,1/25/2012 17:00
20,22.4,30,14.8,1.92,4.5,516,Poor,1/25/2012 18:00
6.5,10.9,18.4,1.9,1,10.6,455,Good,1/25/2012 19:00
6.3,16.3,22.3,5.7,1.03,10.8,213,Good,1/25/2012 20:00
1.9,10.1,39.1,4.5,1.97,5.6,479,Moderate,1/25/2012 21:00
14.1,22.2,32.7,12.8,1.26,5.3,457,Moderate,1/25/2012 22:00
27.8,32.7,31.2,13.5,1.68,5.6,494,Moderate,1/25/2012 23:00
5.1,31.6,27.9,10.5,2.12,5.1,630,Poor,1/26/2012 0:00
48.1,51.6,30.2,15.1,1.54,5.7,355,Moderate,1/26/2012 1:00
16.3,23.7,18.7,9.6,1.37,6.9,498,Moderate,1/26/2012 2:00
13.2,19.1,36.4,21.5,1.69,4.7,546,Poor,1/26/2012 3:00
29.3,39.3,20.6,7.2,1.36,5.4,299,Moderate,1/26/2012 4:00
37.7,57.5,54.3,30.6,2.45,5.1,572,Hazardous,1/26/2012 5:00
11.8,19.9,12.9,5.5,1.14,10.1,314,Good,1/26/2012 6:00
5.7,14.7,11.3,6.9,0.99,10.6,536,Good,1/26/2012 7:00
23.3,30.3,23.4,16.8,1.75,7.4,632,Moderate,1/26/2012 8:00
8,13.3,17,5.3,0.84,10.8,335,Good,1/26/2012 9:00
14.4,19.4,17.5,4.3,1.07,10.1,483,Good,1/26/2012 10:00
11.3,11.9,24.9,3.7,1.44,6.7,635,Moderate,1/26/2012 11:00
40,58.3,42,25.9,1.94,2.6,951,Hazardous,1/26/2012 12:00
8.4,12.3,15.1,7.3,0.88,11.8,594,Good,1/26/2012 13:00
27.5,31.7,31,11.2,1.35,5.3,367,Moderate,1/26/2012 14:00
14.6,22.3,26.1,16.2,1.7,5.7,321,Moderate,1/26/2012 15:00
3.4,12.6,20.9,13.5,1.19,5.6,494,Moderate,1/26/2012 16:00
7.3,15,17.2,15.1,1.28,5.6,593,Moderate,1/26/2012 17:00
5.9,12.2,13.3,4.7,0.99,10,377,Good,1/26/2012 18:00
25.8,28.9,18.1,6.8,1,5.2,603,Moderate,1/26/2012 19:00
3.5,14.4,23.7,7,1.74,5,511,Moderate,1/26/2012 20:00
47.2,55.6,25.4,11.5,1.35,7.8,337,Moderate,1/26/2012 21:00
4.7,8.4,24.8,5.5,0.77,10.6,297,Good,1/26/2012 22:00
4.4,16.3,23.9,11.2,1.5,5.6,652,Moderate,1/26/2012 23:00
25.1,43.8,25.7,25.7,1.85,4.2,623,Poor,1/27/2012 0:00
13.1,20.8,21.3,3.5,0.96,11.3,452,Good,1/27/2012 1:00
6.2,20.8,35.9,18.1,2.03,4.8,420,Poor,1/27/2012 2:00
24.6,27.4,21.3,6.7,0.88,10.9,562,Good,1/27/2012 3:00
23.4,32.4,31.7,12.9,1.57,6.1,464,Moderate,1/27/2012 4:00
10.3,15.5,20,4.1,0.94,14.3,203,Good,1/27/2012 5:00
55.6,61,29.6,9.7,1.7,5.8,455,Poor,1/27/2012 6:00
65.2,79.4,16.6,25.8,3.29,4.6,493,Hazardous,1/27/2012 7:00
88.9,96.5,35.9,11.4,1.99,8.2,718,Poor,1/27/2012 8:00
7.1,9.6,24.7,2.6,1.11,12.7,423,Good,1/27/2012 9:00
3.9,13.9,21.9,6.4,1.72,7,337,Moderate,1/27/2012 10:00
5.8,11.8,20.5,4,0.98,11.6,485,Good,1/27/2012 11:00
55.9,57.8,20.9,6.9,0.93,11.2,364,Good,1/27/2012 12:00
65.9,69,30.2,11.2,1.6,5.7,529,Moderate,1/27/2012 13:00
7.1,27.9,35.5,8.9,2.21,3.8,622,Poor,1/27/2012 14:00
23.1,34.7,37.4,24.3,2.3,2.7,726,Hazardous,1/27/2012 15:00
5.8,14.5,38.2,8.4,1.66,12,444,Poor,1/27/2012 16:00
2.4,8.1,26,7.9,1.09,12.8,329,Good,1/27/2012 17:00
19.9,34.2,19.9,8.4,1.43,6.8,527,Moderate,1/27/2012 18:00
89.6,98.3,24.6,10.8,1.14,5.4,538,Moderate,1/27/2012 19:00
3.5,7.3,12.3,4.8,1.15,12.3,262,Good,1/27/2012 20:00
10.5,24,35.2,15.4,1.35,11.6,326,Moderate,1/27/2012 21:00
7.1,10.7,26.5,4.1,0.94,11.2,344,Good,1/27/2012 22:00
11.4,16.8,26.7,9.1,0.83,10.9,488,Good,1/27/2012 23:00
28,36.5,30.3,19,1.99,3.8,571,Poor,1/28/2012 0:00
22,25.8,17.9,9.3,1.97,6,697,Moderate,1/28/2012 1:00
2.6,15.4,23.5,10.7,1.31,6.2,500,Moderate,1/28/2012 2:00
74.2,91.6,40.3,15,1.83,5.5,656,Poor,1/28/2012 3:00
0.3,9.8,23,10.2,1.73,8.9,264,Moderate,1/28/2012 4:00
10.3,14,17.9,5.5,0.87,10.9,595,Good,1/28/2012 5:00
1.5,12.4,31.9,18.9,2.2,3.9,492,Poor,1/28/2012 6:00
15.3,28.4,20.2,10.4,1.45,5.6,373,Moderate,1/28/2012 7:00
6,21.3,21.1,20.9,2.44,6.3,505,Poor,1/28/2012 8:00
4.6,20.9,26.2,11.3,1.49,6.8,296,Moderate,1/28/2012 9:00
18.4,33.4,37.2,12.4,1.3,6.3,500,Moderate,1/28/2012 10:00
2.6,13.3,35,16.2,2.31,4.8,757,Poor,1/28/2012 11:00
27.1,34.1,23.4,3.1,0.98,11,387,Good,1/28/2012 12:00
15,19.3,18.2,1.6,1,18.8,505,Good,1/28/2012 13:00
66.3,75.5,25.3,13.4,1.29,6.1,413,Moderate,1/28/2012 14:00
41.6,62.9,33,20,2.09,5.1,734,Hazardous,1/28/2012 15:00
7.8,10.7,19.7,7.6,1.14,12.1,436,Good,1/28/2012 16:00
0.3,4.3,17,6.9,0.93,13.3,370,Good,1/28/2012 17:00
20.9,25.4,35.1,4.5,1.75,6.1,506,Moderate,1/28/2012 18:00
108.6,124.5,38.5,11.8,2.22,4.4,511,Poor,1/28/2012 19:00
49,56.7,17.7,21.3,1.59,7.4,621,Moderate,1/28/2012 20:00
17.7,29.3,38.1,21.8,2.31,3.3,790,Hazardous,1/28/2012 21:00
4.4,10.8,26,3.2,1,21.8,221,Good,1/28/2012 22:00
4.1,8.8,17.5,2.8,1.14,12.3,337,Good,1/28/2012 23:00
23.2,33.9,17.2,9.9,1.29,7.5,392,Moderate,1/29/2012 0:00
15.2,32.4,25.4,8.8,1.47,6.4,663,Moderate,1/29/2012 1:00
6.7,11.7,15.6,3.7,1.29,11.6,269,Good,1/29/2012 2:00
12.1,16,14.8,5.5,1.01,10.6,500,Good,1/29/2012 3:00
28.8,40.1,23.1,0.8,1.54,7,531,Moderate,1/29/2012 4:00
7.8,13,31.6,12.5,1.85,8.8,371,Moderate,1/29/2012 5:00
27.8,41.2,41.6,12.9,1.74,4.2,623,Poor,1/29/2012 6:00
34.7,53.1,22.8,7.8,1.27,6.7,407,Moderate,1/29/2012 7:00
7,10.9,25.6,7.9,0.86,11.1,458,Good,1/29/2012 8:00
14.7,32.7,52,0,2.59,2.6,664,Hazardous,1/29/2012 9:00
73.4,84.9,29.4,7.4,1.34,6.4,578,Moderate,1/29/2012 10:00
9.7,20.5,29.3,6.5,1.29,5,552,Moderate,1/29/2012 11:00
4.7,20.1,28.6,8.9,1.74,9.6,653,Moderate,1/29/2012 12:00
0.4,7.5,13.9,8.1,0.95,10.2,310,Good,1/29/2012 13:00
3.1,21.2,43.4,16,2.02,3.6,772,Hazardous,1/29/2012 14:00
30.9,47.8,27.8,11.3,1.63,5.3,389,Moderate,1/29/2012 15:00
10.8,34.5,25.7,11.4,2.08,3.7,714,Poor,1/29/2012 16:00
11.2,12.1,28.3,4.1,1.01,11.9,551,Good,1/29/2012 17:00
25.8,34.1,29.3,16.5,1.55,3.8,425,Poor,1/29/2012 18:00
5.3,18.6,36.3,7.7,1.83,4,656,Poor,1/29/2012 19:00
13.5,19.5,17.1,10.8,1.55,10.2,499,Moderate,1/29/2012 20:00
5.4,10,18.3,3.4,0.98,12.7,263,Good,1/29/2012 21:00
45.2,63.7,34.2,26.8,2.53,3.2,887,Hazardous,1/29/2012 22:00
14.5,21.4,13.4,3.7,1.08,11.3,379,Good,1/29/2012 23:00
11.5,8.6,21.7,15.8,1.27,5.2,618,Moderate,1/30/2012 0:00
3.8,6.4,26.3,8.3,1.17,10.6,215,Good,1/30/2012 1:00
10,17.4,25.4,5.2,1.51,6.6,432,Moderate,1/30/2012 2:00
12.7,25.8,23.3,16.6,2.15,4.2,839,Poor,1/30/2012 3:00
5.5,12.4,22,3.4,1.06,10.1,470,Good,1/30/2012 4:00
77.8,86.9,37.9,15.7,1.93,4.7,438,Poor,1/30/2012 5:00
4,6.4,32.9,9.4,1.57,5.9,662,Moderate,1/30/2012 6:00
8.9,17.1,30.1,5.3,1.72,3.7,531,Poor,1/30/2012 7:00
12.5,16.9,14.7,3.5,0.92,12,432,Good,1/30/2012 8:00
12.3,15.3,20.3,5.3,0.99,12.7,374,Good,1/30/2012 9:00
15.9,19.6,21,5.3,1.16,19.4,496,Good,1/30/2012 10:00
3.7,11.2,21.3,7.9,1.02,11.5,233,Good,1/30/2012 11:00
88.5,93.5,16.5,4.9,1.7,7.1,454,Moderate,1/30/2012 12:00
12.3,19.1,27.3,4.9,0.86,12,316,Good,1/30/2012 13:00
21.8,28.8,18.9,2.7,0.96,10.2,335,Good,1/30/2012 14:00
23.3,31.1,37.9,9.4,1.57,7.5,505,Moderate,1/30/2012 15:00
41.2,58,26.4,22.2,1.54,11,609,Moderate,1/30/2012 16:00
1,18.5,32.4,9.8,1.95,6.8,545,Poor,1/30/2012 17:00
12,15.1,26.6,9.9,1.47,8.5,487,Moderate,1/30/2012 18:00
12.3,13.9,20.6,15.5,1.21,5.1,372,Moderate,1/30/2012 19:00
2.5,10.1,23.2,5,0.79,11.2,488,Good,1/30/2012 20:00
18.1,42.9,36.4,24.7,1.95,3.5,749,Poor,1/30/2012 21:00
9.8,13.2,23.1,4.2,0.98,11.1,578,Good,1/30/2012 22:00
0.9,3.5,12.6,6.1,1.01,14.5,368,Good,1/30/2012 23:00
14.7,27.1,27.9,11.5,1.56,5.3,428,Moderate,1/31/2012 0:00
6,9.6,19.3,1.1,0.93,12.4,409,Good,1/31/2012 1:00
39.6,52.6,28.7,15.8,1.33,6.1,463,Moderate,1/31/2012 2:00
49,62.9,26.9,12.1,2.2,6,721,Poor,1/31/2012 3:00
0.6,13.3,25.9,20,1.59,9,403,Moderate,1/31/2012 4:00
1.6,5.5,13.8,4.2,0.98,14,494,Good,1/31/2012 5:00
31.6,45.9,32.9,13.6,2.15,6.6,482,Poor,1/31/2012 6:00
37.6,41.9,18.9,13.9,1.68,8.2,579,Moderate,1/31/2012 7:00
8,13.4,13.3,4.6,0.93,11.9,410,Good,1/31/2012 8:00
9.3,13.3,18.8,4,0.89,13.3,321,Good,1/31/2012 9:00
9.2,18.9,35.2,9.7,1.49,5.3,318,Moderate,1/31/2012 10:00
1.2,8,18.5,5.3,1.09,16.4,526,Good,1/31/2012 11:00
13.3,19.6,16,5.1,1.01,15.5,198,Good,1/31/2012 12:00
4,11,32.9,10.9,1.25,9.5,651,Moderate,1/31/2012 13:00
7.1,12.7,27.8,3.4,0.92,10.9,473,Good,1/31/2012 14:00
28.9,39.2,18.7,5.9,0.95,12.9,342,Good,1/31/2012 15:00
37.2,41,35.3,11.8,2.33,8.5,770,Poor,1/31/2012 16:00
16.4,21.2,21,8.7,1.27,9.7,377,Moderate,1/31/2012 17:00
45.6,49.2,31.7,11.6,1.44,5.6,444,Moderate,1/31/2012 18:00
7,11,26.8,7,1.18,10.4,530,Good,1/31/2012 19:00
7.9,20.8,27.7,12.6,1.68,7.5,574,Moderate,1/31/2012 20:00
10,12.5,20.9,5.7,1,10.6,494,Good,1/31/2012 21:00
2.2,5.5,11.3,0.8,1.12,10.8,344,Good,1/31/2012 22:00
45.9,56,27,6.7,1.4,6.7,633,Moderate,1/31/2012 23:00
12.9,33.1,38.9,8.3,1.86,4.3,529,Poor,02-01-2012 00:00
2.1,10.2,26.3,8.3,1.59,5.1,342,Moderate,02-01-2012 01:00
18.4,34.9,32.7,13.9,2.54,5,486,Poor,02-01-2012 02:00
17.3,27.3,27.2,0,1.45,7.5,575,Moderate,02-01-2012 03:00
5.2,8.9,19,3,1.01,11.1,437,Good,02-01-2012 04:00
3.5,7.1,23.9,7.2,0.97,11,417,Good,02-01-2012 05:00
2,12.5,19.2,5.7,1.12,10.6,339,Good,02-01-2012 06:00
25.8,32.4,30.8,13.7,1.69,6,268,Moderate,02-01-2012 07:00
3.1,8.1,12.2,3.2,1.06,10.2,543,Good,02-01-2012 08:00
0.1,10.9,32.6,10.4,1.38,7.7,511,Moderate,02-01-2012 09:00
3.6,6.6,19.7,1.3,1.07,20,473,Good,02-01-2012 10:00
6.7,30.2,36.4,25.8,2.49,4,632,Poor,02-01-2012 11:00
1.3,20.9,46.3,21,1.82,4.8,634,Poor,02-01-2012 12:00
79.8,104,51,17.9,2.62,4.9,574,Hazardous,02-01-2012 13:00
7.3,19.7,30,16.8,1.38,5.5,326,Moderate,02-01-2012 14:00
36.4,55.4,42.4,16.8,2.38,4.6,531,Hazardous,02-01-2012 15:00
10.4,16.2,25.7,2.2,0.85,10.9,231,Good,02-01-2012 16:00
15.7,33.5,19.9,11.7,1.79,5.3,362,Moderate,02-01-2012 17:00
7.2,19.3,20.7,1.9,1.46,12.4,537,Moderate,02-01-2012 18:00
22.5,33.9,32.1,22,2.82,9.5,672,Hazardous,02-01-2012 19:00
6.8,9.7,24.7,7.3,1.06,10.5,542,Good,02-01-2012 20:00
16.2,21.2,19.2,0.1,1,10.8,323,Good,02-01-2012 21:00
25,38.3,25.9,12,1.72,5.6,549,Poor,02-01-2012 22:00
6.4,13.6,25.8,10.8,1.54,7.3,685,Moderate,02-01-2012 23:00
111,117.2,28.8,6.9,1.43,9.5,645,Moderate,02-02-2012 00:00
0.4,10.8,32.6,8.2,1.35,5.8,643,Moderate,02-02-2012 01:00
6.5,22.9,24.8,9,1.54,5.9,383,Moderate,02-02-2012 02:00
4.9,10.6,17.9,1.4,0.92,12.8,397,Good,02-02-2012 03:00
1.9,9.7,26.4,7.4,1.02,13.8,558,Good,02-02-2012 04:00
31.9,39.6,21.3,15.8,1.72,5.6,697,Moderate,02-02-2012 05:00
6.8,15.7,31.5,12.7,2.43,3.7,767,Poor,02-02-2012 06:00
22.8,25.4,14.3,5.7,1.07,12.2,358,Good,02-02-2012 07:00
36.2,54.1,32.3,19,2.8,4.3,616,Poor,02-02-2012 08:00
0.7,13,27.3,9.4,1.65,7.6,531,Moderate,02-02-2012 09:00
3.9,7.9,23.5,6.2,0.99,10.4,366,Good,02-02-2012 10:00
7.5,10.3,28.1,4.6,1.49,5.7,473,Moderate,02-02-2012 11:00
70.4,97.4,39.2,20.8,1.83,5.3,480,Poor,02-02-2012 12:00
28.2,36.7,41.2,16.3,1.85,3.5,568,Poor,02-02-2012 13:00
18.3,31.4,30.6,17,1.42,5.2,396,Moderate,02-02-2012 14:00
16.6,27.3,34.8,15,1.75,5.3,446,Moderate,02-02-2012 15:00
9.8,16.3,25.6,7.1,0.89,14.8,458,Good,02-02-2012 16:00
70.7,74.9,30.8,18.3,2.3,3.7,422,Poor,02-02-2012 17:00
13.5,25.9,23.7,18.5,0.94,8.6,546,Moderate,02-02-2012 18:00
116.1,127.6,30,10.2,2.26,3.8,790,Poor,02-02-2012 19:00
52.1,56.7,28.9,0.6,0.99,15.1,384,Good,02-02-2012 20:00
22.8,38.3,27.4,4.9,1.42,6.3,443,Moderate,02-02-2012 21:00
0.2,23.6,17.8,6.6,1.71,5.2,643,Poor,02-02-2012 22:00
40.7,55,18.8,3.3,1.76,3.9,669,Poor,02-02-2012 23:00
5.7,7.5,19.7,5,1.15,13.1,514,Good,02-03-2012 00:00
24.8,46.3,29.1,13.2,1.89,5.9,599,Hazardous,02-03-2012 01:00
17,19.9,15.9,7,1.04,10.8,564,Good,02-03-2012 02:00
0,5.3,26.2,2.6,1.13,12.2,474,Good,02-03-2012 03:00
57.9,68.6,22.9,15.7,1.32,6.7,542,Moderate,02-03-2012 04:00
7.7,15.5,25.6,21.4,1.46,5.3,423,Moderate,02-03-2012 05:00
4.1,11.6,14.5,5.4,1.17,10.2,421,Good,02-03-2012 06:00
18.5,32.1,23,21.3,1.84,5.4,793,Poor,02-03-2012 07:00
0.2,8.8,31.9,18.5,2.12,7.7,753,Poor,02-03-2012 08:00
36,45.5,21.3,12.7,1.66,7.7,395,Moderate,02-03-2012 09:00
0.4,12.9,33.2,4.5,1.63,5.2,541,Moderate,02-03-2012 10:00
30.3,31.5,22.5,4.4,1.05,11.8,320,Good,02-03-2012 11:00
1.7,15.7,33.5,7.2,2.33,7.2,535,Poor,02-03-2012 12:00
0.5,5.4,20.9,-0.6,0.87,10.1,422,Good,02-03-2012 13:00
134.5,155.1,46.3,23.4,3.36,8.5,736,Hazardous,02-03-2012 14:00
5.5,17.5,44.2,17.2,1.65,4.1,506,Poor,02-03-2012 15:00
24.9,35.3,30.7,8.8,1.5,5.6,631,Moderate,02-03-2012 16:00
5.8,15.9,25.5,16,2.72,5.3,560,Poor,02-03-2012 17:00
0.1,6.6,24.2,9.1,1.63,6.1,536,Moderate,02-03-2012 18:00
10.7,16.8,22,6.4,0.76,15,319,Good,02-03-2012 19:00
0.1,1.7,17.5,5.9,0.99,13.3,457,Good,02-03-2012 20:00
27,29.1,18.5,11,1.54,8.7,466,Moderate,02-03-2012 21:00
13.5,15.7,18.2,4.1,1.2,10.2,503,Good,02-03-2012 22:00
3.4,13.1,18.2,3.8,1.2,6.6,296,Moderate,02-03-2012 23:00
1.2,2.2,24.5,9.7,1.03,10.5,349,Good,02-04-2012 00:00
16.6,24.3,32.4,17.8,1.97,5.2,577,Poor,02-04-2012 01:00
22.9,25,14.4,5,0.78,10.1,356,Good,02-04-2012 02:00
13.1,17.7,15.6,4.9,0.99,10.5,468,Good,02-04-2012 03:00
10,32.7,39.7,12.4,2.24,4.3,640,Hazardous,02-04-2012 04:00
43.9,52.4,39.8,8.6,1.55,3.5,670,Poor,02-04-2012 05:00
17.3,28,46.5,14.6,2.26,4.2,658,Poor,02-04-2012 06:00
40.2,47.5,20.3,14.7,1.76,5.1,574,Moderate,02-04-2012 07:00
2.3,11.2,22.4,7.6,1.22,6.6,452,Moderate,02-04-2012 08:00
13.5,26.8,37.5,16.2,2.38,3.8,630,Poor,02-04-2012 09:00
8.9,33.5,36.5,19.2,2.4,4.4,778,Hazardous,02-04-2012 10:00
2.6,5.1,18.7,6.8,1.12,12.2,351,Good,02-04-2012 11:00
13.9,22.7,26.6,12.8,1.29,7.6,616,Moderate,02-04-2012 12:00
43.1,63.3,53.7,15.2,1.94,7.6,722,Hazardous,02-04-2012 13:00
4.7,7.3,26.3,7.5,0.98,11.5,535,Good,02-04-2012 14:00
21.3,25.9,14.1,7.1,0.91,10.5,577,Good,02-04-2012 15:00
23.6,28.9,19,4.6,1.02,10.1,303,Good,02-04-2012 16:00
14,18.7,17.6,7.7,1.04,10.4,456,Good,02-04-2012 17:00
12.6,26.2,41.2,34.1,3.04,7,543,Hazardous,02-04-2012 18:00
21.5,25.1,12.2,7,1.13,11.1,311,Good,02-04-2012 19:00
66.1,93.4,40,16.4,1.29,3.5,424,Poor,02-04-2012 20:00
2.8,7.6,18.2,4.8,1.08,10.8,470,Good,02-04-2012 21:00
5.2,9.6,24.4,8.8,0.98,11.4,284,Good,02-04-2012 22:00
1.1,5.4,17.9,5,1.15,10.5,447,Good,02-04-2012 23:00
7.3,17.9,33.2,17,1.9,4.3,678,Poor,02-05-2012 00:00
43.5,48.7,22.7,7.7,1.61,11.8,370,Moderate,02-05-2012 01:00
2.4,7,18.6,6.1,1.12,13.7,333,Good,02-05-2012 02:00
82.4,94.3,37.9,13.1,2.42,6,791,Poor,02-05-2012 03:00
27.5,33.5,26,4.3,1.03,11.2,360,Good,02-05-2012 04:00
8.6,14.6,14.7,4.6,0.99,16.3,297,Good,02-05-2012 05:00
21.7,29.9,13.6,6.3,0.85,12.4,549,Good,02-05-2012 06:00
28.6,47.1,23.1,6.4,1.46,5.6,490,Moderate,02-05-2012 07:00
4.7,10.9,19.3,3.2,1.18,17.6,471,Good,02-05-2012 08:00
22.9,36.8,38.3,9.5,1.59,7.6,543,Moderate,02-05-2012 09:00
4.7,11.3,30.3,13.9,1.33,6.5,412,Moderate,02-05-2012 10:00
4.8,12.8,17.7,2,0.87,10.1,561,Good,02-05-2012 11:00
14.1,25,28.4,4.2,2.3,4.6,740,Poor,02-05-2012 12:00
9.1,30.9,40.2,21,2.33,2.8,827,Hazardous,02-05-2012 13:00
21.4,33,22.2,9.2,1.14,5.5,398,Moderate,02-05-2012 14:00
3.5,9.4,14.6,4.3,0.85,11.6,215,Good,02-05-2012 15:00
7.6,17.9,23.6,26.6,2.18,4.2,677,Poor,02-05-2012 16:00
7.2,11.4,12.4,6.2,1.01,13.5,295,Good,02-05-2012 17:00
6,15.4,22,11.4,1.29,6.8,370,Moderate,02-05-2012 18:00
15.7,18.4,15.3,8.1,0.94,12.4,341,Good,02-05-2012 19:00
29.2,42.2,54.4,23.6,3.37,3.7,614,Hazardous,02-05-2012 20:00
7.1,15.6,22.7,1.6,1.44,6.4,542,Moderate,02-05-2012 21:00
17.2,35.2,20.7,4.5,1.7,6.3,649,Moderate,02-05-2012 22:00
65.6,82.8,33.8,18.3,1.59,5.5,641,Poor,02-05-2012 23:00
0.5,1.5,25,3.4,0.88,11.2,407,Good,02-06-2012 00:00
16.1,35.6,31.7,20.7,2.73,4.5,544,Hazardous,02-06-2012 01:00
4.7,14.1,47.6,21,2.01,5.6,771,Hazardous,02-06-2012 02:00
12.2,22.2,26.8,10,1.49,8,438,Moderate,02-06-2012 03:00
0.8,4.2,19.4,7.1,1.11,12.7,490,Good,02-06-2012 04:00
96.4,115.5,45.6,10.1,2.29,4.7,570,Poor,02-06-2012 05:00
58.5,75.7,39.1,13.1,1.96,4.6,609,Poor,02-06-2012 06:00
11.4,18.5,18.3,8.4,1.74,7.1,425,Moderate,02-06-2012 07:00
49.9,50.3,19,15.4,1.94,4.2,539,Poor,02-06-2012 08:00
7.9,8.1,24.2,7.2,1.13,14.7,532,Good,02-06-2012 09:00
6.9,12,11.8,3.5,1,13.5,485,Good,02-06-2012 10:00
24.7,29.9,17.1,4.7,1.1,15,540,Good,02-06-2012 11:00
12.4,16.2,13.7,6.9,0.73,11.2,579,Good,02-06-2012 12:00
64,84.5,47.3,12.1,1.69,4.2,630,Poor,02-06-2012 13:00
11.2,32.1,36.6,17,1.91,3.5,831,Poor,02-06-2012 14:00
11.9,33.1,34.5,14.6,2.14,7.9,535,Poor,02-06-2012 15:00
53.2,65.6,34.6,19.9,1.91,3.8,391,Poor,02-06-2012 16:00
5.1,16.2,27,7,1.93,7.6,364,Moderate,02-06-2012 17:00
95.7,115.6,42.7,18.7,2.59,6.7,707,Hazardous,02-06-2012 18:00
58.3,78.3,42.9,4.8,1.43,5.1,505,Poor,02-06-2012 19:00
13.2,20,27.7,13.3,1.58,15.5,300,Moderate,02-06-2012 20:00
5.5,13.2,20.6,2.4,1.17,10.2,359,Good,02-06-2012 21:00
22.3,35.3,20.3,10,1.53,5.7,333,Moderate,02-06-2012 22:00
8.8,13.6,20.1,6,0.97,10.5,494,Good,02-06-2012 23:00
15.1,24.5,29,12.8,1.54,6.9,485,Moderate,02-07-2012 00:00
13.9,30,37.6,12.1,2,12.3,552,Poor,02-07-2012 01:00
13.7,21.5,19.6,2.3,1.02,11.7,511,Good,02-07-2012 02:00
7.2,11.9,19,5.5,1.01,12.6,581,Good,02-07-2012 03:00
13.5,27.2,38.4,9.6,2.23,3.6,641,Poor,02-07-2012 04:00
4.3,6.5,28.1,9.4,1.5,5.1,438,Moderate,02-07-2012 05:00
4.7,13,21.9,10.1,1.48,5.5,351,Moderate,02-07-2012 06:00
4.4,9,10.4,5.6,0.8,17.4,383,Good,02-07-2012 07:00
27.2,33,22.2,4.9,0.9,11.6,336,Good,02-07-2012 08:00
51.2,69.4,48.2,17.7,2.37,2.6,796,Hazardous,02-07-2012 09:00
5.4,46.1,41.7,6.3,2.35,2.6,846,Hazardous,02-07-2012 10:00
26.6,30.2,13.4,5.6,1.09,11.7,337,Good,02-07-2012 11:00
3.6,11.2,15,7.4,0.75,10.5,365,Good,02-07-2012 12:00
0.6,14.2,32.5,17.5,1.59,14.5,646,Moderate,02-07-2012 13:00
0.8,6.8,27.7,4.6,0.99,12,279,Good,02-07-2012 14:00
22,25.6,13,6.4,1.05,10.4,231,Good,02-07-2012 15:00
34.4,40.7,35.8,6.2,1.42,8.8,510,Moderate,02-07-2012 16:00
39.9,54.2,37.5,19.8,2.2,3.4,463,Poor,02-07-2012 17:00
8.3,19.2,36.2,18.8,2.25,3.4,417,Poor,02-07-2012 18:00
33.9,41.7,37.4,14.5,1.17,7.7,542,Moderate,02-07-2012 19:00
18.1,32.1,31.7,15.3,1.86,6.1,691,Poor,02-07-2012 20:00
6.3,9.3,23.5,14.3,1.88,7.8,365,Moderate,02-07-2012 21:00
12.2,34.2,38.7,13.5,1.88,5.3,688,Poor,02-07-2012 22:00
0.4,6.2,27,9.3,1.12,11.6,465,Good,02-07-2012 23:00
1,4.7,26,3.5,1.02,10.6,262,Good,02-08-2012 00:00
15.7,21.6,24.4,3.9,1.01,10.2,261,Good,02-08-2012 01:00
71.2,87.5,30.3,15.8,2.31,6.3,712,Poor,02-08-2012 02:00
22.5,35,38,26.9,2.31,3.7,774,Poor,02-08-2012 03:00
70,88.9,41.7,23.3,2.42,4.2,678,Poor,02-08-2012 04:00
0,13.9,27.2,5.3,1,5.4,412,Moderate,02-08-2012 05:00
45.2,60,28.5,15.7,2.43,6,759,Hazardous,02-08-2012 06:00
0.9,8.2,25.2,11.4,1.46,8.4,670,Moderate,02-08-2012 07:00
13.7,20.4,15.7,7.6,1.04,11.3,365,Good,02-08-2012 08:00
43.3,51.1,31.9,10.6,1.23,7.2,293,Moderate,02-08-2012 09:00
75.6,90.4,33.6,17.9,1.98,9.6,425,Poor,02-08-2012 10:00
67.2,77.4,32.7,6.2,1.24,13.8,461,Moderate,02-08-2012 11:00
14.6,26.3,22.2,10.6,1.8,5.8,643,Moderate,02-08-2012 12:00
28,40.2,23.5,8.7,1.41,5.9,379,Moderate,02-08-2012 13:00
8.8,11.5,14.1,5.1,0.89,10.1,428,Good,02-08-2012 14:00
8.4,16.1,32.7,9.3,1.48,5.2,638,Moderate,02-08-2012 15:00
16.9,22.9,13.2,6.9,1.09,10.4,450,Good,02-08-2012 16:00
16.6,30.3,19.3,13.6,1.68,3.8,588,Poor,02-08-2012 17:00
8.7,14.7,31.6,11.9,1.53,10.4,475,Moderate,02-08-2012 18:00
13.4,17.3,19.1,1.1,1.07,11.1,280,Good,02-08-2012 19:00
40.7,57.5,32.1,7,1.79,6.1,562,Moderate,02-08-2012 20:00
31.4,33.8,15.1,5.8,1.02,10.5,300,Good,02-08-2012 21:00
17.3,22.4,13,5.6,1.21,13,539,Good,02-08-2012 22:00
2.9,8.8,24.4,0.6,1.04,12.5,372,Good,02-08-2012 23:00
9.5,14.9,21.7,7.3,1.64,5.4,654,Moderate,02-09-2012 00:00
6,15.4,20.2,5.5,1.03,10.5,446,Good,02-09-2012 01:00
1.6,4.8,21.1,4.6,1.1,11.7,230,Good,02-09-2012 02:00
5.8,15.1,28,8.8,1.43,10.8,421,Moderate,02-09-2012 03:00
0.9,5.7,20.3,6.6,0.93,11,409,Good,02-09-2012 04:00
20.8,25.6,15.7,4.4,0.75,10.3,432,Good,02-09-2012 05:00
1.3,9,23.8,0.8,2.54,5.3,755,Poor,02-09-2012 06:00
19.4,30.7,35.4,24.7,1.74,15.4,748,Poor,02-09-2012 07:00
24,42.3,37.5,29.3,2.35,2.9,924,Hazardous,02-09-2012 08:00
15.7,25.3,28,13.2,1.59,7.6,485,Moderate,02-09-2012 09:00
1.6,10.7,16.9,3.1,1.37,8.1,396,Moderate,02-09-2012 10:00
0.1,3.9,22.8,4.9,1.02,13.8,575,Good,02-09-2012 11:00
3.6,9,24.4,3.8,0.9,11.2,527,Good,02-09-2012 12:00
15.6,18.6,24.2,4.7,1.04,12.6,430,Good,02-09-2012 13:00
21.6,25.2,21.5,3.4,1.02,14.8,215,Good,02-09-2012 14:00
26.6,34.2,24.8,3.2,1.06,10.6,596,Good,02-09-2012 15:00
12.2,17.2,14.1,7.2,0.93,10.5,333,Good,02-09-2012 16:00
6.7,13.5,21.4,4.9,1.11,12.3,348,Good,02-09-2012 17:00
0.1,8.7,10.4,4,1.04,12.5,518,Good,02-09-2012 18:00
11.8,15.9,25.7,9,1.06,13.8,480,Good,02-09-2012 19:00
49.8,61.3,32.5,6.3,1.72,5.7,336,Moderate,02-09-2012 20:00
10.2,14,23.1,7.1,1.01,12.2,379,Good,02-09-2012 21:00
11.4,23.3,31.2,11.5,1.98,5.5,459,Poor,02-09-2012 22:00
47,59.9,24.4,15.6,2.15,7,771,Poor,02-09-2012 23:00
18.8,45.3,45.3,17.9,2.73,3.3,615,Hazardous,02-10-2012 00:00
5.4,13.6,30.6,12.1,1.88,6.8,575,Moderate,02-10-2012 01:00
2.2,6.4,12.2,5,1.19,18.9,392,Good,02-10-2012 02:00
17.6,41.6,32.9,11.4,2.78,4.6,593,Poor,02-10-2012 03:00
7.3,17,24.4,2.9,1.59,10.2,660,Moderate,02-10-2012 04:00
22.4,27.5,19.4,3.1,1.18,10.6,396,Good,02-10-2012 05:00
2.3,10.6,13.7,6.3,1.13,11.5,537,Good,02-10-2012 06:00
26.8,46.5,40,9.3,2.4,9.9,624,Poor,02-10-2012 07:00
11.2,29.4,44.6,19.3,3.65,2.8,713,Hazardous,02-10-2012 08:00
12.3,22,27.1,12.2,1.54,12.1,577,Moderate,02-10-2012 09:00
2.5,9.5,12.5,7,1.04,12.1,258,Good,02-10-2012 10:00
60,76.1,24.2,5.8,1.05,6.4,511,Moderate,02-10-2012 11:00
23.7,34.7,37.7,6.8,1.42,5.9,527,Poor,02-10-2012 12:00
16.6,21.3,25.8,6.4,1.72,7.7,571,Moderate,02-10-2012 13:00
0.5,11.4,26.4,20,1.71,5.2,650,Moderate,02-10-2012 14:00
91.5,98.9,22.1,9.6,1.52,5.3,598,Moderate,02-10-2012 15:00
35,50.7,46,19.4,1.66,4,487,Poor,02-10-2012 16:00
49.8,70.3,35.2,15.4,2.85,4.7,680,Hazardous,02-10-2012 17:00
30,52.7,35.7,14.9,2.46,4,654,Poor,02-10-2012 18:00
56.8,70.2,34.4,10.3,1.75,5.1,486,Poor,02-10-2012 19:00
28,37.4,33.2,13.6,1.93,4.9,608,Poor,02-10-2012 20:00
109.2,116.8,43.5,21.2,2.07,4.6,741,Hazardous,02-10-2012 21:00
8.3,19.9,21,7.9,1.44,9.1,487,Moderate,02-10-2012 22:00
60.3,78.5,45.4,25,3.01,4.3,698,Hazardous,02-10-2012 23:00
11.2,30.1,25.8,10.6,1.23,5.3,640,Moderate,02-11-2012 00:00
5.7,12.5,16.8,6.1,1.01,12.2,230,Good,02-11-2012 01:00
6.9,10.9,21.2,3.7,1,12.8,298,Good,02-11-2012 02:00
3.8,10.1,25.1,4.7,1.01,10.3,394,Good,02-11-2012 03:00
0.8,7.4,26.3,1.8,1.07,10.8,481,Good,02-11-2012 04:00
16.2,21.1,18.9,12.4,1.44,9.3,405,Moderate,02-11-2012 05:00
47.2,61,21.7,13.8,2.24,3.7,514,Poor,02-11-2012 06:00
42.3,58.5,32.1,28.4,2.4,2.7,705,Hazardous,02-11-2012 07:00
2.5,8.7,27.7,10.5,1.4,5.7,327,Moderate,02-11-2012 08:00
31.4,34.6,21.3,3.9,0.97,12.7,463,Good,02-11-2012 09:00
51.2,79.2,35.4,23.3,2.16,3.7,565,Hazardous,02-11-2012 10:00
4.6,10.6,20.9,5.7,1.11,12.6,315,Good,02-11-2012 11:00
14.1,16.5,26,7.4,0.97,10.2,264,Good,02-11-2012 12:00
12.9,21.1,16.4,15.8,1.81,8,406,Moderate,02-11-2012 13:00
42.8,51.4,14.1,13.3,1.55,7.5,633,Moderate,02-11-2012 14:00
